I. Autonomous Republic of Crimea,,,,,,,,,,,,,,,,,,,,,,,,,
#,,Name,,,Center,,,Year,,,"Area
(km²)",,,Population,,Density,Councils (municipalities) ,,,,,,,,
,,,,,,,,,,,,,,,,,City,,Town,Village ,,,,,
1,,Bakhchysarai,,,Bakhchysarai,,,1923,,,1589,,,92617,,58,1,,2,15,,,,,
2,,Bilohirsk,,,Bilohirsk,,,,,,1894,,,66396,,35,1,,1,17,,,,,
3,,Dzhankoy*,,,Dzhankoy,,,1921,,,2667,,,81990,,31,0,,2,26,,,,,
4,,Kirovske,,,Kirovske,,,1935,,,1209,,,57686,,48,1,,1,11,,,,,
5,,Krasnohvardiiske,,,Krasnohvardiiske,,,1944,,,1766,,,93686,,53,0,,2,18,,,,,
6,,Krasnoperekopsk*,,,Krasnoperekopsk,,,1935,,,1231,,,31516,,26,0,,0,12,,,,,
7,,Lenine,,,Lenine,,,1921,,,2919,,,69653,,24,1,,2,24,,,,,
8,,Nyzhniohirskyi,,,Nyzhnohirskyi,,,1930,,,1212,,,55863,,46,0,,1,18,,,,,
9,,Pervomaiske,,,Pervomaiske,,,1935,,,1474,,,40349,,27,0,,1,16,,,,,
10,,Rozdolne,,,Rozdolne,,,1935,,,1231,,,37384,,30,0,,2,10,,,,,
11,,Saky*,,,Saky,,,1935,,,2257,,,80302,,36,0,,1,23,,,,,
12,,Simferopol*,,,Simferopol,,,1965,,,1753,,,148930,,85,0,,4,18,,,,,
13,,Sovietskyi,,,Sovietskyi,,,1935,,,1079,,,37090,,34,0,,1,11,,,,,
14,,Chornomorske,,,Chornomorske,,,1930,,,1509,,,34012,,23,0,,1,10,,,,,
II. Vinnytsia Oblast,,,,,,,,,,,,,,,,,,,,,,,,,
#,Name,,Center,Year,,"Area
(km²)",Population,,Density,Councils (municipalities) ,,,,,,,,,,,,,,,
,,,,,,,,,,City,,Town,Village ,,,,,,,,,,,,
1,Bar,,Bar,1923,,1102,62464,,57,1,,1,27,,,,,,,,,,,,
2,Bershad,,Bershad,,,1286,71312,,55,1,,0,28,,,,,,,,,,,,
3,Vinnytsia*,,Vinnytsia,1923,,919,74250,,81,0,,3,30,,,,,,,,,,,,
4,Haisyn,,Haisyn,1923,,1102,64855,,59,1,,0,26,,,,,,,,,,,,
5,Zhmerynka*,,Zhmerynka,1923,,1171,44134,,38,0,,1,27,,,,,,,,,,,,
6,Illintsi,,Illintsi,1923,,915,42519,,46,1,,1,22,,,,,,,,,,,,
7,Kalynivka,,Kalynivka,1923,,1086,47656,,44,1,,0,28,,,,,,,,,,,,
8,Koziatyn*,,Koziatyn,1923,,1131,65031,,57,0,,2,32,,,,,,,,,,,,
9,Kryzhopil,,Kryzhopil,1923,,884,40907,,46,0,,1,19,,,,,,,,,,,,
10,Lypovets,,Lypovets,1923,,969,44273,,46,1,,1,25,,,,,,,,,,,,
11,Lityn,,Lityn,1923,,960,42269,,44,0,,1,21,,,,,,,,,,,,
12,Mohyliv-Podilskyi*,,Mohyliv-Podilskyi,1925,,933,40095,,43,0,,1,27,,,,,,,,,,,,
13,Murovani Kurylivtsi,,Murovani Kurylivtsi,1967,,886,32768,,37,0,,1,24,,,,,,,,,,,,
14,Nemyriv,,Nemyriv,1923,,1292,59469,,46,1,,2,40,,,,,,,,,,,,
15,Orativ,,Orativ,1979,,874,27345,,31,0,,1,27,,,,,,,,,,,,
16,Pishchanka,,Pishchanka,1923,,595,25102,,42,0,,2,13,,,,,,,,,,,,
17,Pohrebyshche,,Pohrebyshche,1923,,1200,37721,,31,1,,0,26,,,,,,,,,,,,
18,Teplyk,,Teplyk,1930,,809,35267,,44,0,,1,25,,,,,,,,,,,,
19,Tyvriv,,Tyvriv,1923,,882,40773,,46,1,,2,25,,,,,,,,,,,,
20,Tomashpil,,Tomashpil,1923,,778,42631,,55,0,,2,22,,,,,,,,,,,,
21,Trostianets,,Trostianets,1923,,945,65060,,69,0,,1,17,,,,,,,,,,,,
22,Tulchyn,,Tulchyn,1923,,1124,47761,,42,1,,2,23,,,,,,,,,,,,
23,Khmilnyk*,,Khmilnyk,,,1253,44084,,35,0,,0,30,,,,,,,,,,,,
24,Chernivtsi,,Chernivtsi,1990,,592,28661,,48,0,,1,13,,,,,,,,,,,,
25,Chechelnyk,,Chechelnyk,1966,,759,27189,,36,0,,1,15,,,,,,,,,,,,
26,Sharhorod,,Sharhorod,1965,,1137,64943,,57,1,,0,31,,,,,,,,,,,,
27,Yampil,,Yampil,1965,,788,47683,,61,1,,0,18,,,,,,,,,,,,
III. Volyn Oblast,,,,,,,,,,,,,,,,,,,,,,,,,
#,Name,,Center,Year,,"Area
(km²)",Population,,Density,Councils (municipalities) ,,,,,,,,,,,,,,,
,,,,,,,,,,City,,Town,Village ,,,,,,,,,,,,
1,Volodymyr-Volynskyi,,Volodymyr-Volynskyi,,,1038,28241,,27,,,,,,,,,,,,,,,,
2,Horokhiv,,Horokhiv,,,1122,57098,,51,,,,,,,,,,,,,,,,
3,Ivanychi,,Ivanychi,,,645,36050,,56,,,,,,,,,,,,,,,,
4,Kamin-Kashyrskyi,,Kamin-Kashyrskyi,,,1748,61939,,35,,,,,,,,,,,,,,,,
5,Kivertsi,,Kivertsi,,,1414,66412,,47,,,,,,,,,,,,,,,,
6,Kovel,,Kovel,,,1723,43000,,25,,,,,,,,,,,,,,,,
7,Lokachi,,Lokachi,,,712,25346,,36,,,,,,,,,,,,,,,,
8,Lutsk,,Lutsk,,,973,56137,,58,,,,,,,,,,,,,,,,
9,Liubeshiv,,Liubeshiv,,,1450,36829,,25,,,,,,,,,,,,,,,,
10,Liuboml,,Liuboml,,,1481,43267,,29,,,,,,,,,,,,,,,,
11,Manevychi,,Manevychi,,,2265,57341,,25,,,,,,,,,,,,,,,,
12,Ratne,,Ratne,,,1437,52555,,37,,,,,,,,,,,,,,,,
13,Rozhyshche,,Rozhyshche,,,928,42945,,46,,,,,,,,,,,,,,,,
14,Stara Vyzhivka,,Stara Vyzhivka,,,1121,34135,,30,,,,,,,,,,,,,,,,
15,Turiisk,,Turiisk,,,1205,29066,,24,,,,,,,,,,,,,,,,
16,Shatsk,,Shatsk,,,759,18172,,24,,,,,,,,,,,,,,,,
IV. Dnipropetrovsk Oblast,,,,,,,,,,,,,,,,,,,,,,,,,
#,Name,,Center,Year,,"Area
(km²)",Population,,Density,Councils (municipalities) ,,,,,,,,,,,,,,,
,,,,,,,,,,City,,Town,Village ,,,,,,,,,,,,
1,Apostolove,,Apostolove,,,1381,63981,,46,,,,,,,,,,,,,,,,
2,Vasylkivka,,Vasylkivka,,,1330,37149,,28,,,,,,,,,,,,,,,,
3,Verkhnodniprovsk,,Verkhnodniprovsk,,,1286,57078,,44,,,,,,,,,,,,,,,,
4,Dnipro,,Dnipro,,,1388,77868,,56,,,,,,,,,,,,,,,,
5,Kryvyi Rih,,Kryvyi Rih,,,1347,44030,,33,,,,,,,,,,,,,,,,
6,Krynychky,,Krynychky,,,1684,40372,,24,,,,,,,,,,,,,,,,
7,Mahdalynivka,,Mahdalynivka,,,1599,38050,,24,,,,,,,,,,,,,,,,
8,Mezhova,,Mezhova,,,1244,28499,,23,,,,,,,,,,,,,,,,
9,Nikopol,,Nikopol,,,1943,44518,,23,,,,,,,,,,,,,,,,
10,Novomoskovsk,,Novomoskovsk,,,1997,75185,,38,,,,,,,,,,,,,,,,
11,Pavlohrad,,Pavlohrad,,,1451,32672,,23,,,,,,,,,,,,,,,,
12,Petrykivka,,Petrykivka,,,928,26081,,28,,,,,,,,,,,,,,,,
13,Petropavlivka,,Petropavlivka,,,1248,35327,,28,,,,,,,,,,,,,,,,
14,Pokrovske,,Pokrovske,,,1216,41838,,34,,,,,,,,,,,,,,,,
15,Piatykhatky,,Piatykhatky,,,1683,53185,,32,,,,,,,,,,,,,,,,
16,Synelnykove,,Synelnykove,,,1648,41467,,25,,,,,,,,,,,,,,,,
17,Solone,,Solone,,,1738,42461,,24,,,,,,,,,,,,,,,,
18,Sofiyivka,,Sofiivka,,,1364,28526,,21,,,,,,,,,,,,,,,,
19,Tomakivka,,Tomakivka,,,1191,31795,,27,,,,,,,,,,,,,,,,
20,Tsarychanka,,Tsarychanka,,,903,30774,,34,,,,,,,,,,,,,,,,
21,Shyroke,,Shyroke,,,1239,31389,,25,,,,,,,,,,,,,,,,
22,Yurivka,,Yurivka,,,902,15760,,17,,,,,,,,,,,,,,,,
V. Donetsk Oblast,,,,,,,,,,,,,,,,,,,,,,,,,
#,Name,,Center,Year,,"Area
(km²)",Population,,Density,Councils (municipalities) ,,,,,,,,,,,,,,,
,,,,,,,,,,City,,Town,Village ,,,,,,,,,,,,
1,Amvrosiivka,,Amvrosiivka,,,1455,55072,,38,,,,,,,,,,,,,,,,
2,Bakhmut,,Bakhmut,,,1687,53866,,32,,,,,,,,,,,,,,,,
3,Velyka Novosilka,,Velyka Novosilka,,,1901,49272,,26,,,,,,,,,,,,,,,,
4,Volnovakha,,Volnovakha,,,1848,92630,,50,,,,,,,,,,,,,,,,
5,Volodarske,,Nikolske,,,1221,31169,,26,,,,,,,,,,,,,,,,
6,Dobropillia,,Dobropillia,,,949,20482,,22,,,,,,,,,,,,,,,,
7,Kostiantynivka,,Kostiantynivka,,,1172,21032,,18,,,,,,,,,,,,,,,,
8,Pokrovsk,,Pokrovsk,,,1316,37384,,28,,,,,,,,,,,,,,,,
9,Lyman,,Lyman,,,1018,24781,,24,,,,,,,,,,,,,,,,
10,Marinka,,Marinka,,,1350,38861,,29,,,,,,,,,,,,,,,,
11,Novoazovsk,,Novoazovsk,,,1000,22883,,23,,,,,,,,,,,,,,,,
12,Oleksandrivka,,Oleksandrivka,,,1010,29241,,29,,,,,,,,,,,,,,,,
13,Pershotravneve,,Manhush,,,792,90434,,114,,,,,,,,,,,,,,,,
14,Sloviansk,,Sloviansk,,,1274,39165,,31,,,,,,,,,,,,,,,,
15,Starobesheve,,Starobesheve,,,1255,56048,,45,,,,,,,,,,,,,,,,
16,Telmanove,,Telmanove,,,1340,35058,,26,,,,,,,,,,,,,,,,
17,Shakhtarsk,,Shakhtarsk,,,1194,23570,,20,,,,,,,,,,,,,,,,
18,Yasynuvata,,Yasynuvata,,,809,30165,,37,,,,,,,,,,,,,,,,
VI. Zhytomyr Oblast,,,,,,,,,,,,,,,,,,,,,,,,,
#,Name,,Center,Year,,"Area
(km²)",Population,,Density,Councils (municipalities) ,,,,,,,,,,,,,,,
,,,,,,,,,,City,,Town,Village ,,,,,,,,,,,,
1,Andrushivka,,Andrushivka,,,956,38785,,41,,,,,,,,,,,,,,,,
2,Baranivka,,Baranivka,,,1000,46001,,46,,,,,,,,,,,,,,,,
3,Berdychiv,,Berdychiv,,,865,34298,,40,,,,,,,,,,,,,,,,
4,Brusyliv,,Brusyliv,,,626,18142,,29,,,,,,,,,,,,,,,,
5,Khoroshiv,,Khoroshiv,,,870,38409,,44,,,,,,,,,,,,,,,,
6,Romaniv,,Romaniv,,,928,33282,,36,,,,,,,,,,,,,,,,
7,Yemilchyne,,Yemilchyne,,,2112,41707,,20,,,,,,,,,,,,,,,,
8,Zhytomyr,,Zhytomyr,,,1441,68449,,48,,,,,,,,,,,,,,,,
9,Korosten,,Korosten,,,1739,34030,,20,,,,,,,,,,,,,,,,
10,Korostyshiv,,Korostyshiv,,,974,43444,,45,,,,,,,,,,,,,,,,
11,Luhyny,,Luhyny,,,994,20823,,21,,,,,,,,,,,,,,,,
12,Liubar,,Liubar,,,757,31046,,41,,,,,,,,,,,,,,,,
13,Malyn,,Malyn,,,1485,51997,,35,,,,,,,,,,,,,,,,
14,Narodychi,,Narodychi,,,1284,11439,,9,,,,,,,,,,,,,,,,
15,Novohrad-Volynskyi,,Novohrad-Volynskyi,,,2098,52131,,25,,,,,,,,,,,,,,,,
16,Ovruch,,Ovruch,,,3225,67827,,21,,,,,,,,,,,,,,,,
17,Olevsk,,Olevsk,,,2248,46883,,21,,,,,,,,,,,,,,,,
18,Popilnia,,Popilnia,,,1037,36968,,36,,,,,,,,,,,,,,,,
19,Radomyshl,,Radomyshl,,,1297,42299,,33,,,,,,,,,,,,,,,,
20,Ruzhyn,,Ruzhyn,,,1002,34299,,34,,,,,,,,,,,,,,,,
21,Pulyny,,Pulyny,,,853,25921,,30,,,,,,,,,,,,,,,,
22,Cherniakhiv,,Cherniakhiv,,,850,33592,,40,,,,,,,,,,,,,,,,
23,Chudniv,,Chudniv,,,1037,42955,,41,,,,,,,,,,,,,,,,
VII. Zakarpattia Oblast,,,,,,,,,,,,,,,,,,,,,,,,,
#,Name,,Center,Year,,"Area
(km²)",Population,,Density,Councils (municipalities) ,,,,,,,,,,,,,,,
,,,,,,,,,,City,,Town,Village ,,,,,,,,,,,,
1,Berehove,,Berehove,,,654,53841,,82,,,,,,,,,,,,,,,,
2,Velykyy Bereznyi,,Velykyi Bereznyi,,,810,28016,,35,,,,,,,,,,,,,,,,
3,Vynohradiv,,Vynohradiv,,,695,117863,,170,,,,,,,,,,,,,,,,
4,Volovets,,Volovets,,,544,25336,,47,,,,,,,,,,,,,,,,
5,Irshava,,Irshava,,,944,100881,,107,,,,,,,,,,,,,,,,
6,Mizhhirya,,Mizhhirya,,,1163,50057,,43,,,,,,,,,,,,,,,,
7,Mukacheve,,Mukachevo,,,997,101572,,102,,,,,,,,,,,,,,,,
8,Perechyn,,Perechyn,,,631,31790,,50,,,,,,,,,,,,,,,,
9,Rakhiv,,Rakhiv,,,1892,90811,,48,,,,,,,,,,,,,,,,
10,Svaliava,,Svaliava,,,676,55468,,82,,,,,,,,,,,,,,,,
11,Tiachiv,,Tiachiv,,,1818,172389,,95,,,,,,,,,,,,,,,,
12,Uzhhorod,,Uzhhorod,,,866,65514,,76,,,,,,,,,,,,,,,,
13,Khust,,Khust,,,998,96561,,97,,,,,,,,,,,,,,,,
VIII. Zaporizhzhia Oblast,,,,,,,,,,,,,,,,,,,,,,,,,
#,Name,,Center,Year,,"Area
(km²)",Population,,Density,Councils (municipalities) ,,,,,,,,,,,,,,,
,,,,,,,,,,City,,Town,Village ,,,,,,,,,,,,
1,Berdiansk,,Berdiansk,,,1776,31631,,18,,,,,,,,,,,,,,,,
2,Vasylivka,,Vasylivka,,,1621,74384,,46,,,,,,,,,,,,,,,,
3,Velyka Bilozerka,,Velyka Bilozerka,,,469,9337,,20,,,,,,,,,,,,,,,,
4,Vesele,,Vesele,,,1129,25542,,23,,,,,,,,,,,,,,,,
5,Vilniansk,,Vilniansk,,,1288,50536,,39,,,,,,,,,,,,,,,,
6,Huliaipole,,Huliaipole,,,1300,34529,,27,,,,,,,,,,,,,,,,
7,Zaporizhia,,Zaporizhzhia,,,1462,54777,,37,,,,,,,,,,,,,,,,
8,Kamianka-Dniprovska,,Kamianka-Dniprovska,,,1179,45792,,39,,,,,,,,,,,,,,,,
9,Kuibysheve,,Kuibysheve,,,1335,27578,,21,,,,,,,,,,,,,,,,
10,Melitopol,,Melitopol,,,1787,56104,,31,,,,,,,,,,,,,,,,
11,Mykhailivka,,Mykhailivka,,,1067,33046,,31,,,,,,,,,,,,,,,,
12,Novomykolaivka,,Novomykolaivka,,,915,19564,,21,,,,,,,,,,,,,,,,
13,Orikhiv,,Orikhiv,,,1598,54183,,34,,,,,,,,,,,,,,,,
14,Polohy,,Polohy,,,1344,48018,,36,,,,,,,,,,,,,,,,
15,Pryazovske,,Pryazovske,,,1947,32909,,17,,,,,,,,,,,,,,,,
16,Prymorsk,,Prymorsk,,,1398,35223,,25,,,,,,,,,,,,,,,,
17,Rozivka,,Rozivka,,,610,11944,,20,,,,,,,,,,,,,,,,
18,Tokmak,,Tokmak,,,1442,27847,,19,,,,,,,,,,,,,,,,
19,Chernihivka,,Chernihivka,,,1200,22249,,19,,,,,,,,,,,,,,,,
20,Yakymivka,,Yakymivka,,,1856,37963,,20,,,,,,,,,,,,,,,,
IX. Ivano-Frankivsk Oblast,,,,,,,,,,,,,,,,,,,,,,,,,
#,Name,,Center,Year,,"Area
(km²)",Population,,Density,Councils (municipalities) ,,,,,,,,,,,,,,,
,,,,,,,,,,City,,Town,Village ,,,,,,,,,,,,
1,Bohorodchany,,Bohorodchany,,,799,70098,,88,,,,,,,,,,,,,,,,
2,Verkhovyna,,Verkhovyna,,,1254,30048,,24,,,,,,,,,,,,,,,,
3,Halych,,Halych,,,723,65674,,91,,,,,,,,,,,,,,,,
4,Horodenka,,Horodenka,,,747,60804,,81,,,,,,,,,,,,,,,,
5,Dolyna,,Dolyna,,,1248,71058,,57,,,,,,,,,,,,,,,,
6,Kalush,,Kalush,,,647,62705,,97,,,,,,,,,,,,,,,,
7,Kolomyia,,Kolomyia,,,1026,105788,,103,,,,,,,,,,,,,,,,
8,Kosiv,,Kosiv,,,903,90400,,100,,,,,,,,,,,,,,,,
9,Nadvirna,,Nadvirna,,,1294,113611,,88,,,,,,,,,,,,,,,,
10,Rohatyn,,Rohatyn,,,815,51063,,63,,,,,,,,,,,,,,,,
11,Rozhniativ,,Rozhniativ,,,1303,75513,,58,,,,,,,,,,,,,,,,
12,Sniatyn,,Sniatyn,,,602,68979,,115,,,,,,,,,,,,,,,,
13,Tysmenytsia,,Tysmenytsia,,,736,85269,,116,,,,,,,,,,,,,,,,
14,Tlumach,,Tlumach,,,684,52772,,77,,,,,,,,,,,,,,,,
X. Kyiv Oblast,,,,,,,,,,,,,,,,,,,,,,,,,
#,Name,,Center,Year,,"Area
(km²)",Population,,Density,Councils (municipalities) ,,,,,,,,,,,,,,,
,,,,,,,,,,City,,Town,Village ,,,,,,,,,,,,
1,Baryshivka,,Baryshivka,,,958,41287,,43,,,,,,,,,,,,,,,,
2,Bila Tserkva,,Bila Tserkva,,,1277,55536,,43,,,,,,,,,,,,,,,,
3,Bohuslav,,Bohuslav,,,772,40602,,53,,,,,,,,,,,,,,,,
4,Boryspil,,Boryspil,,,1485,54633,,37,,,,,,,,,,,,,,,,
5,Borodianka,,Borodianka,,,934,57790,,62,,,,,,,,,,,,,,,,
6,Brovary,,Brovary,,,1188,77518,,65,,,,,,,,,,,,,,,,
7,Vasylkiv,,Vasylkiv,,,1184,70705,,60,,,,,,,,,,,,,,,,
8,Vyshhorod,,Vyshhorod,,,2031,72446,,36,,,,,,,,,,,,,,,,
9,Volodarka,,Volodarka,,,646,23384,,36,,,,,,,,,,,,,,,,
10,Zghurivka,,Zghurivka,,,763,22671,,30,,,,,,,,,,,,,,,,
11,Ivankiv,,Ivankiv,,,3616,35374,,10,,,,,,,,,,,,,,,,
12,Kaharlyk,,Kaharlyk,,,926,37791,,41,,,,,,,,,,,,,,,,
13,Kyievo-Sviatoshyn,,Kyiv,,,726,156015,,215,,,,,,,,,,,,,,,,
14,Makariv,,Makariv,,,1364,47915,,35,,,,,,,,,,,,,,,,
15,Myronivka,,Myronivka,,,904,40488,,45,,,,,,,,,,,,,,,,
16,Obukhiv,,Obukhiv,,,773,71606,,93,,,,,,,,,,,,,,,,
17,Pereiaslav-Khmelnytskyi,,Pereiaslav,,,1456,36892,,25,,,,,,,,,,,,,,,,
18,Poliske,,Krasiatychi,,,1288,7567,,6,,,,,,,,,,,,,,,,
19,Rokytne,,Rokytne,,,662,36400,,55,,,,,,,,,,,,,,,,
20,Skvyra,,Skvyra,,,980,44267,,45,,,,,,,,,,,,,,,,
21,Stavyshche,,Stavyshche,,,674,28327,,42,,,,,,,,,,,,,,,,
22,Tarashcha,,Tarashcha,,,758,36352,,48,,,,,,,,,,,,,,,,
23,Tetiiv,,Tetiiv,,,758,37098,,49,,,,,,,,,,,,,,,,
24,Fastiv,,Fastiv,,,897,37538,,42,,,,,,,,,,,,,,,,
25,Yahotyn,,Yahotyn,,,793,40822,,51,,,,,,,,,,,,,,,,
XI. Kirovohrad Oblast,,,,,,,,,,,,,,,,,,,,,,,,,
#,Name,,Center,Year,,"Area
(km²)",Population,,Density,Councils (municipalities) ,,,,,,,,,,,,,,,
,,,,,,,,,,City,,Town,Village ,,,,,,,,,,,,
1,Bobrynets,,Bobrynets,,,1496,31593,,21,,,,,,,,,,,,,,,,
2,Vilshanka,,Vilshanka,,,645,16401,,25,,,,,,,,,,,,,,,,
3,Haivoron,,Haivoron,,,695,43573,,63,,,,,,,,,,,,,,,,
4,Holovanivsk,,Holovanivsk,,,992,36852,,37,,,,,,,,,,,,,,,,
5,Dobrovelychkivka,,Dobrovelychkivka,,,1297,43097,,33,,,,,,,,,,,,,,,,
6,Dolynska,,Dolynska,,,1276,38263,,30,,,,,,,,,,,,,,,,
7,Znamianka,,Znamianka,,,1334,30078,,23,,,,,,,,,,,,,,,,
8,Kompaniivka,,Kompaniivka,,,967,18322,,19,,,,,,,,,,,,,,,,
9,Kropyvnytskyi,,Kropyvnytskyi,,,1557,37711,,24,,,,,,,,,,,,,,,,
10,Mala Vyska,,Mala Vyska,,,1248,51494,,41,,,,,,,,,,,,,,,,
11,Novhorodka,,Novhorodka,,,997,19009,,19,,,,,,,,,,,,,,,,
12,Novoarkhanhelsk,,Novoarkhanhelsk,,,1206,31513,,26,,,,,,,,,,,,,,,,
13,Novomyrhorod,,Novomyrhorod,,,1032,35807,,35,,,,,,,,,,,,,,,,
14,Novoukrainka,,Novoukrainka,,,1668,48807,,29,,,,,,,,,,,,,,,,
15,Oleksandrivka,,Oleksandrivka,,,1159,36108,,31,,,,,,,,,,,,,,,,
16,Oleksandriia,,Oleksandriia,,,1855,41156,,22,,,,,,,,,,,,,,,,
17,Onufriivka,,Onufriivka,,,889,21847,,25,,,,,,,,,,,,,,,,
18,Petrove,,Petrove,,,1195,28978,,24,,,,,,,,,,,,,,,,
19,Svitlovodsk,,Svitlovodsk,,,1213,16647,,14,,,,,,,,,,,,,,,,
20,Blahovishchenske,,Blahovishchenske,,,701,28819,,41,,,,,,,,,,,,,,,,
21,Ustynivka,,Ustynivka,,,942,16795,,18,,,,,,,,,,,,,,,,
XII. Luhansk Oblast,,,,,,,,,,,,,,,,,,,,,,,,,
#,Name,,Center,Year,,"Area
(km²)",Population,,Density,Councils (municipalities) ,,,,,,,,,,,,,,,
,,,,,,,,,,City,,Town,Village ,,,,,,,,,,,,
1,Antratsyt,,Antratsyt,,,1662,36971,,22,,,,,,,,,,,,,,,,
2,Bilovodsk,,Bilovodsk,,,1597,27559,,17,,,,,,,,,,,,,,,,
3,Bilokurakyne,,Bilokurakyne,,,1436,23807,,17,,,,,,,,,,,,,,,,
4,Krasnodon,,Krasnodon,,,1386,32846,,24,,,,,,,,,,,,,,,,
5,Kreminna,,Kreminna,,,1627,51927,,32,,,,,,,,,,,,,,,,
6,Lutuhyne,,Lutuhyne,,,1057,73914,,70,,,,,,,,,,,,,,,,
7,Markivka,,Markivka,,,1166,19002,,16,,,,,,,,,,,,,,,,
8,Milove,,Milove,,,971,17415,,18,,,,,,,,,,,,,,,,
9,Novoaidar,,Novoaidar,,,1536,28451,,19,,,,,,,,,,,,,,,,
10,Novopskov,,Novopskov,,,1623,38322,,24,,,,,,,,,,,,,,,,
11,Perevalsk,,Perevalsk,,,807,87383,,108,,,,,,,,,,,,,,,,
12,Popasna,,Popasna,,,1325,50559,,38,,,,,,,,,,,,,,,,
13,Svatove,,Svatove,,,1739,43069,,25,,,,,,,,,,,,,,,,
14,Sverdlovsk,,Sverdlovsk,,,1132,14574,,13,,,,,,,,,,,,,,,,
15,Slovianoserbsk,,Slovianoserbsk,,,1113,62125,,56,,,,,,,,,,,,,,,,
16,Stanytsia-Luhanska,,Stanytsia Luhanska,,,1896,52762,,28,,,,,,,,,,,,,,,,
17,Starobilsk,,Starobilsk,,,1582,57755,,37,,,,,,,,,,,,,,,,
18,Troitske,,Troitske,,,1633,25704,,16,,,,,,,,,,,,,,,,
XIII. Lviv Oblast,,,,,,,,,,,,,,,,,,,,,,,,,
#,Name,,Center,Year,,"Area
(km²)",Population,,Density,Councils (municipalities) ,,,,,,,,,,,,,,,
,,,,,,,,,,City,,Town,Village ,,,,,,,,,,,,
1,Brody,,Brody,,,1162,63545,,55,,,,,,,,,,,,,,,,
2,Busk,,Busk,,,850,50800,,60,,,,,,,,,,,,,,,,
3,Horodok,,Horodok,,,726,74206,,102,,,,,,,,,,,,,,,,
4,Drohobych,,Drohobych,,,1210,76276,,63,,,,,,,,,,,,,,,,
5,Zhydachiv,,Zhydachiv,,,996,80469,,81,,,,,,,,,,,,,,,,
6,Zhovkva,,Zhovkva,,,1294,108863,,84,,,,,,,,,,,,,,,,
7,Zolochiv,,Zolochiv,,,1097,74550,,68,,,,,,,,,,,,,,,,
8,Kamianka-Buzka,,Kamianka-Buzka,,,868,61869,,71,,,,,,,,,,,,,,,,
9,Mykolaiv,,Mykolaiv,,,698,66247,,95,,,,,,,,,,,,,,,,
10,Mostyska,,Mostyska,,,845,61892,,73,,,,,,,,,,,,,,,,
11,Peremyshliany,,Peremyshliany,,,918,47705,,52,,,,,,,,,,,,,,,,
12,Pustomyty,,Pustomyty,,,948,111872,,118,,,,,,,,,,,,,,,,
13,Radekhiv,,Radekhiv,,,1144,52457,,46,,,,,,,,,,,,,,,,
14,Sambir,,Sambir,,,934,74574,,80,,,,,,,,,,,,,,,,
15,Skole,,Skole,,,1471,50210,,34,,,,,,,,,,,,,,,,
16,Sokal,,Sokal,,,1574,98098,,62,,,,,,,,,,,,,,,,
17,Staryi Sambir,,Staryi Sambir,,,1245,82191,,66,,,,,,,,,,,,,,,,
18,Stryi,,Stryi,,,802,63322,,79,,,,,,,,,,,,,,,,
19,Turka,,Turka,,,1193,54769,,46,,,,,,,,,,,,,,,,
20,Yavoriv,,Yavoriv,,,1542,123546,,80,,,,,,,,,,,,,,,,
XIV. Mykolaiv Oblast,,,,,,,,,,,,,,,,,,,,,,,,,
#,Name,,Center,Year,,"Area
(km²)",Population,,Density,Councils (municipalities) ,,,,,,,,,,,,,,,
,,,,,,,,,,City,,Town,Village ,,,,,,,,,,,,
1,Arbuzynka,,Arbuzynka,,,969,24783,,26,,,,,,,,,,,,,,,,
2,Bashtanka,,Bashtanka,,,1706,41434,,24,,,,,,,,,,,,,,,,
3,Berezanka,,Berezanka,,,1378,24988,,18,,,,,,,,,,,,,,,,
4,Bereznehuvate,,Bereznehuvate,,,1264,23053,,18,,,,,,,,,,,,,,,,
5,Bratske,,Bratske,,,1129,21226,,19,,,,,,,,,,,,,,,,
6,Veselynove,,Veselynove,,,1245,27044,,22,,,,,,,,,,,,,,,,
7,Voznesensk,,Voznesensk,,,1392,35907,,26,,,,,,,,,,,,,,,,
8,Vradiivka,,Vradiivka,,,801,20947,,26,,,,,,,,,,,,,,,,
9,Domanivka,,Domanivka,,,1458,28945,,20,,,,,,,,,,,,,,,,
10,Yelanets,,Yelanets,,,1018,18411,,18,,,,,,,,,,,,,,,,
11,Vitovka,,Mykolaiv,,,1460,54655,,37,,,,,,,,,,,,,,,,
12,Kazanka,,Kazanka,,,1349,24745,,18,,,,,,,,,,,,,,,,
13,Kryve Ozero,,Kryve Ozero,,,814,28494,,35,,,,,,,,,,,,,,,,
14,Mykolaiv,,Mykolaiv,,,1430,34980,,24,,,,,,,,,,,,,,,,
15,Novyi Buh,,Novyi Buh,,,1243,34167,,27,,,,,,,,,,,,,,,,
16,Nova Odesa,,Nova Odesa,,,1428,37385,,26,,,,,,,,,,,,,,,,
17,Ochakiv,,Ochakiv,,,1500,16916,,11,,,,,,,,,,,,,,,,
18,Pervomaisk,,Pervomaisk,,,1319,37050,,28,,,,,,,,,,,,,,,,
19,Snihurivka,,Snihurivka,,,1350,47538,,35,,,,,,,,,,,,,,,,
XV. Odessa Oblast,,,,,,,,,,,,,,,,,,,,,,,,,
#,Name,,Center,Year,,"Area
(km²)",Population,,Density,Councils (municipalities) ,,,,,,,,,,,,,,,
,,,,,,,,,,City,,Town,Village ,,,,,,,,,,,,
1,Ananiv,,Ananiv,,,1050,32619,,31,,,,,,,,,,,,,,,,
2,Artsyi,,Artsyz,,,1379,51251,,37,,,,,,,,,,,,,,,,
3,Balta,,Balta,,,1317,48697,,37,,,,,,,,,,,,,,,,
4,Berezivka,,Berezivka,,,1637,36173,,22,,,,,,,,,,,,,,,,
5,Bilhorod-Dnistrovskyi,,Bilhorod-Dnistrovskyi,,,1852,62255,,34,,,,,,,,,,,,,,,,
6,Bilyayivka,,Bilyayivka,,,1497,103988,,69,,,,,,,,,,,,,,,,
7,Bolhrad,,Bolhrad,,,1364,73991,,54,,,,,,,,,,,,,,,,
8,Velyka Mykhailivka,,Velyka Mykhailivka,,,1436,32703,,23,,,,,,,,,,,,,,,,
9,Ivanivka,,Ivanivka,,,1162,29184,,25,,,,,,,,,,,,,,,,
10,Izmail,,Izmail,,,1194,54550,,46,,,,,,,,,,,,,,,,
11,Kiliya,,Kiliya,,,1358,58707,,43,,,,,,,,,,,,,,,,
12,Kodyma,,Kodyma,,,818,34523,,42,,,,,,,,,,,,,,,,
13,Lyman,,Dobroslav,,,1499,67207,,45,,,,,,,,,,,,,,,,
14,Podilsk,,Podilsk,,,1037,30627,,30,,,,,,,,,,,,,,,,
15,Okny,,Okny,,,1013,22872,,23,,,,,,,,,,,,,,,,
16,Liubashivka,,Liubashivka,,,1100,33544,,30,,,,,,,,,,,,,,,,
17,Mykolaivka,,Mykolaivka,,,1093,20158,,18,,,,,,,,,,,,,,,,
18,Ovidiopol,,Ovidiopol,,,829,60294,,73,,,,,,,,,,,,,,,,
19,Reni,,Reni,,,861,39903,,46,,,,,,,,,,,,,,,,
20,Rozdilna,,Rozdilna,,,1368,56727,,41,,,,,,,,,,,,,,,,
21,Savran,,Savran,,,617,22176,,36,,,,,,,,,,,,,,,,
22,Sarata,,Sarata,,,1474,49911,,34,,,,,,,,,,,,,,,,
23,Tarutyne,,Tarutyne,,,1874,45175,,24,,,,,,,,,,,,,,,,
24,Tatarbunary,,Tatarbunary,,,1748,41573,,24,,,,,,,,,,,,,,,,
25,Zakharivka,,Zakharivka,,,956,20944,,22,,,,,,,,,,,,,,,,
26,Shyriaieve,,Shyriaieve,,,1502,29754,,20,,,,,,,,,,,,,,,,
XVI. Poltava Oblast,,,,,,,,,,,,,,,,,,,,,,,,,
#,Name,,Center,Year,,"Area
(km²)",Population,,Density,Councils (municipalities) ,,,,,,,,,,,,,,,
,,,,,,,,,,City,,Town,Village ,,,,,,,,,,,,
1,Velyka Bahachka,,Velyka Bahachka,,,1019,30103,,30,,,,,,,,,,,,,,,,
2,Hadiach,,Hadiach,,,1595,64011,,40,,,,,,,,,,,,,,,,
3,Hlobyne,,Hlobyne,,,2474,58726,,24,,,,,,,,,,,,,,,,
4,Hrebinka,,Hrebinka,,,595,26257,,44,,,,,,,,,,,,,,,,
5,Dykanka,,Dykanka,,,679,21903,,32,,,,,,,,,,,,,,,,
6,Zinkiv,,Zinkiv,,,1361,42308,,31,,,,,,,,,,,,,,,,
7,Karlivka,,Karlivka,,,854,41641,,49,,,,,,,,,,,,,,,,
8,Kobeliaky,,Kobeliaky,,,1823,54091,,30,,,,,,,,,,,,,,,,
9,Kozelshchyna,,Kozelshchyna,,,927,24849,,27,,,,,,,,,,,,,,,,
10,Kotelva,,Kotelva,,,795,21564,,27,,,,,,,,,,,,,,,,
11,Kremenchuk,,Kremenchuk,,,1023,43346,,42,,,,,,,,,,,,,,,,
12,Lokhvytsia,,Lokhvytsia,,,1303,51440,,39,,,,,,,,,,,,,,,,
13,Lubny,,Lubny,,,1375,39970,,29,,,,,,,,,,,,,,,,
14,Mashivka,,Mashivka,,,889,22894,,26,,,,,,,,,,,,,,,,
15,Myrhorod,,Myrhorod,,,1539,41225,,27,,,,,,,,,,,,,,,,
16,Novi Sanzhary,,Novi Sanzhary,,,1272,39995,,31,,,,,,,,,,,,,,,,
17,Orzhytsia,,Orzhytsia,,,980,29525,,30,,,,,,,,,,,,,,,,
18,Pyriatyn,,Pyriatyn,,,863,36467,,42,,,,,,,,,,,,,,,,
19,Poltava,,Poltava,,,1260,66351,,53,,,,,,,,,,,,,,,,
20,Reshetylivka,,Reshetylivka,,,1010,29741,,29,,,,,,,,,,,,,,,,
21,Semenivka,,Semenivka,,,1275,32575,,26,,,,,,,,,,,,,,,,
22,Khorol,,Khorol,,,1062,42169,,40,,,,,,,,,,,,,,,,
23,Chornukhy,,Chornukhy,,,682,16227,,24,,,,,,,,,,,,,,,,
24,Chutove,,Chutove,,,861,26816,,31,,,,,,,,,,,,,,,,
25,Shyshaky,,Shyshaky,,,799,24056,,30,,,,,,,,,,,,,,,,
XVII. Rivne Oblast,,,,,,,,,,,,,,,,,,,,,,,,,
#,Name,,Center,Year,,"Area
(km²)",Population,,Density,Councils (municipalities) ,,,,,,,,,,,,,,,
,,,,,,,,,,City,,Town,Village ,,,,,,,,,,,,
1,Berezne,,Berezne,,,1715,63748,,37,,,,,,,,,,,,,,,,
2,Volodymyrets,,Volodymyrets,,,1949,61714,,32,,,,,,,,,,,,,,,,
3,Hoshcha,,Hoshcha,,,692,38846,,56,,,,,,,,,,,,,,,,
4,Demydivka,,Demydivka,,,377,16483,,44,,,,,,,,,,,,,,,,
5,Dubno,,Dubno,,,1199,48635,,41,,,,,,,,,,,,,,,,
6,Dubrovytsia,,Dubrovytsia,,,1817,50939,,28,,,,,,,,,,,,,,,,
7,Zarichne,,Zarichne,,,1442,36078,,25,,,,,,,,,,,,,,,,
8,Zdolbuniv,,Zdolbuniv,,,659,58805,,89,,,,,,,,,,,,,,,,
9,Korets,,Korets,,,720,39303,,55,,,,,,,,,,,,,,,,
10,Kostopil,,Kostopil,,,1497,65559,,44,,,,,,,,,,,,,,,,
11,Mlyniv,,Mlyniv,,,945,41614,,44,,,,,,,,,,,,,,,,
12,Ostroh,,Ostroh,,,693,31235,,45,,,,,,,,,,,,,,,,
13,Radyvyliv,,Radyvyliv,,,745,40029,,54,,,,,,,,,,,,,,,,
14,Rivne,,Rivne,,,1176,87998,,75,,,,,,,,,,,,,,,,
15,Rokytne,,Rokytne,,,2350,51892,,22,,,,,,,,,,,,,,,,
16,Sarny,,Sarny,,,1972,98836,,50,,,,,,,,,,,,,,,,
XVIII. Sumy Oblast,,,,,,,,,,,,,,,,,,,,,,,,,
#,Name,,Center,Year,,"Area
(km²)",Population,,Density,Councils (municipalities) ,,,,,,,,,,,,,,,
,,,,,,,,,,City,,Town,Village ,,,,,,,,,,,,
1,Bilopillia,,Bilopillia,,,1443,61321,,42,,,,,,,,,,,,,,,,
2,Buryn,,Buryn,,,1104,36933,,33,,,,,,,,,,,,,,,,
3,Velyka Pysarivka,,Velyka Pysarivka,,,831,26997,,32,,,,,,,,,,,,,,,,
4,Hlukhiv,,Hlukhiv,,,1661,31944,,19,,,,,,,,,,,,,,,,
5,Konotop,,Konotop,,,1667,39398,,24,,,,,,,,,,,,,,,,
6,Krasnopillia,,Krasnopillia,,,1351,33978,,25,,,,,,,,,,,,,,,,
7,Krolevets,,Krolevets,,,1284,46789,,36,,,,,,,,,,,,,,,,
8,Lebedyn,,Lebedyn,,,1542,27743,,18,,,,,,,,,,,,,,,,
9,Lypova Dolyna,,Lypova Dolyna,,,882,23342,,26,,,,,,,,,,,,,,,,
10,Nedryhailiv,,Nedryhailiv,,,1036,31231,,30,,,,,,,,,,,,,,,,
11,Okhtyrka,,Okhtyrka,,,1287,31534,,25,,,,,,,,,,,,,,,,
12,Putyvl,,Putyvl,,,1103,34402,,31,,,,,,,,,,,,,,,,
13,Romny,,Romny,,,1859,46254,,25,,,,,,,,,,,,,,,,
14,Seredyna-Buda,,Seredyna-Buda,,,1123,20799,,19,,,,,,,,,,,,,,,,
15,Sumy,,Sumy,,,1855,62701,,34,,,,,,,,,,,,,,,,
16,Trostianets,,Trostianets,,,1048,41977,,40,,,,,,,,,,,,,,,,
17,Shostka,,Shostka,,,1219,24522,,20,,,,,,,,,,,,,,,,
18,Yampil,,Yampil,,,943,30200,,32,,,,,,,,,,,,,,,,
XIX. Ternopil Oblast,,,,,,,,,,,,,,,,,,,,,,,,,
#,Name,,Center,Year,,"Area
(km²)",Population,,Density,Councils (municipalities) ,,,,,,,,,,,,,,,
,,,,,,,,,,City,,Town,Village ,,,,,,,,,,,,
1,Berezhany,,Berezhany,,,661,44813,,68,,,,,,,,,,,,,,,,
2,Borschiv,,Borshchiv,,,1006,75340,,75,,,,,,,,,,,,,,,,
3,Buchach,,Buchach,,,802,64974,,81,,,,,,,,,,,,,,,,
4,Husiatyn,,Husiatyn,,,1016,67074,,66,,,,,,,,,,,,,,,,
5,Zalishchyky,,Zalischyky,,,684,53466,,78,,,,,,,,,,,,,,,,
6,Zbarazh,,Zbarazh,,,863,60308,,70,,,,,,,,,,,,,,,,
7,Zboriv,,Zboriv,,,977,47089,,48,,,,,,,,,,,,,,,,
8,Kozova,,Kozova,,,694,41827,,60,,,,,,,,,,,,,,,,
9,Kremenets,,Kremenets,,,918,73441,,80,,,,,,,,,,,,,,,,
10,Lanivtsi,,Lanivtsi,,,632,33188,,53,,,,,,,,,,,,,,,,
11,Monastyryska,,Monastyryska,,,558,34552,,62,,,,,,,,,,,,,,,,
12,Pidvolochysk,,Pidvolochysk,,,837,46190,,55,,,,,,,,,,,,,,,,
13,Pidhaitsi,,Pidhaitsi,,,496,22951,,46,,,,,,,,,,,,,,,,
14,Terebovlia,,Terebovl,,,1130,70945,,63,,,,,,,,,,,,,,,,
15,Ternopil,,Ternopil,,,749,60991,,81,,,,,,,,,,,,,,,,
16,Chortkiv,,Chortkiv,,,903,80944,,90,,,,,,,,,,,,,,,,
17,Shumsk,,Shumsk,,,838,36568,,44,,,,,,,,,,,,,,,,
XX. Kharkiv Oblast,,,,,,,,,,,,,,,,,,,,,,,,,
#,Name,,Center,Year,,"Area
(km²)",Population,,Density,Councils (municipalities) ,,,,,,,,,,,,,,,
,,,,,,,,,,City,,Town,Village ,,,,,,,,,,,,
1,Balakliia,,Balakliia,,,1986,92595,,47,,,,,,,,,,,,,,,,
2,Barvinkove,,Barvinkove,,,1365,31501,,23,,,,,,,,,,,,,,,,
3,Blyzniuky,,Blyzniuky,,,1380,25695,,19,,,,,,,,,,,,,,,,
4,Bohodukhiv,,Bohodukhiv,,,1160,47456,,41,,,,,,,,,,,,,,,,
5,Borova,,Borova,,,875,21128,,24,,,,,,,,,,,,,,,,
6,Valky,,Valky,,,1011,36531,,36,,,,,,,,,,,,,,,,
7,Velykyi Burluk,,Velykyi Burluk,,,1221,28155,,23,,,,,,,,,,,,,,,,
8,Vovchansk,,Vovchansk,,,1889,54942,,29,,,,,,,,,,,,,,,,
9,Dvorichna,,Dvorichna,,,1112,22267,,20,,,,,,,,,,,,,,,,
10,Derhachi,,Derhachi,,,900,98600,,110,,,,,,,,,,,,,,,,
11,Zachepylivka,,Zachepylivka,,,794,18834,,24,,,,,,,,,,,,,,,,
12,Zmiiv,,Zmiiv,,,1365,81477,,60,,,,,,,,,,,,,,,,
13,Zolochiv,,Zolochiv,,,969,34063,,35,,,,,,,,,,,,,,,,
14,Izium,,Izium,,,1553,22002,,14,,,,,,,,,,,,,,,,
15,Kehychivka,,Kehychivka,,,783,23454,,30,,,,,,,,,,,,,,,,
16,Kolomak,,Kolomak,,,330,9007,,27,,,,,,,,,,,,,,,,
17,Krasnohrad,,Krasnohrad,,,983,49240,,50,,,,,,,,,,,,,,,,
18,Krasnokutsk,,Krasnokutsk,,,1041,33122,,32,,,,,,,,,,,,,,,,
19,Kupiansk,,Kupiansk,,,1280,29581,,23,,,,,,,,,,,,,,,,
20,Lozova,,Lozova,,,1404,34325,,24,,,,,,,,,,,,,,,,
21,Nova Vodolaha,,Nova Vodolaha,,,1183,40794,,34,,,,,,,,,,,,,,,,
22,Pervomaiskyi,,Pervomaiskyi,,,1194,19879,,17,,,,,,,,,,,,,,,,
23,Pechenihy,,Pechenihy,,,467,11824,,25,,,,,,,,,,,,,,,,
24,Sakhnovshchyna,,Sakhnovshchyna,,,1170,26086,,22,,,,,,,,,,,,,,,,
25,Kharkiv,,Kharkiv,,,1403,187086,,133,,,,,,,,,,,,,,,,
26,Chuhuiv,,Chuhuiv,,,1149,50945,,44,,,,,,,,,,,,,,,,
27,Shevchenkove,,Shevchenkove,,,977,23213,,24,,,,,,,,,,,,,,,,
XXI. Kherson Oblast,,,,,,,,,,,,,,,,,,,,,,,,,
#,Name,,Center,Year,,"Area
(km²)",Population,,Density,Councils (municipalities) ,,,,,,,,,,,,,,,
,,,,,,,,,,City,,Town,Village ,,,,,,,,,,,,
1,Beryslav,,Beryslav,,,1721,55915,,32,,,,,,,,,,,,,,,,
2,Bilozerka,,Bilozerka,,,1534,68382,,45,,,,,,,,,,,,,,,,
3,Velyka Lepetyka,,Velyka Lepetykha,,,1000,20660,,21,,,,,,,,,,,,,,,,
4,Velyka Oleksandrivka,,Velyka Oleksandrivka,,,1540,31233,,20,,,,,,,,,,,,,,,,
5,Verkhniy Rohachyk,,Verkhnii Rohachyk,,,915,14290,,16,,,,,,,,,,,,,,,,
6,Vysokopillia,,Vysokopillia,,,701,17920,,26,,,,,,,,,,,,,,,,
7,Henichesk,,Henichesk,,,3008,66291,,22,,,,,,,,,,,,,,,,
8,Holo Prystan,,Hola Prystan,,,3411,64785,,19,,,,,,,,,,,,,,,,
9,Hornostaivka,,Hornostaivka,,,1018,21942,,22,,,,,,,,,,,,,,,,
10,Ivanivka,,Ivanivka,,,1120,17944,,16,,,,,,,,,,,,,,,,
11,Kalanchak,,Kalanchak,,,916,25748,,28,,,,,,,,,,,,,,,,
12,Kakhovka,,Kakhovka,,,1451,40104,,28,,,,,,,,,,,,,,,,
13,Nyzhni Sirohozy,,Nyzhni Sirohozy,,,1209,19697,,16,,,,,,,,,,,,,,,,
14,Novovorontsovka,,Novovorontsovka,,,1005,24595,,24,,,,,,,,,,,,,,,,
15,Novotroitske,,Novotroitske,,,2298,43026,,19,,,,,,,,,,,,,,,,
16,Skadovsk,,Skadovsk,,,1456,50107,,34,,,,,,,,,,,,,,,,
17,Oleshky,,Oleshky,,,1759,72264,,41,,,,,,,,,,,,,,,,
18,Chaplynka,,Chaplynka,,,1722,40194,,23,,,,,,,,,,,,,,,,
XXII. Khmelnytskyi Oblast,,,,,,,,,,,,,,,,,,,,,,,,,
#,Name,,Center,Year,,"Area
(km²)",Population,,Density,Councils (municipalities) ,,,,,,,,,,,,,,,
,,,,,,,,,,City,,Town,Village ,,,,,,,,,,,,
1,Bilohiria,,Bilohiria,,,776,31655,,41,,,,,,,,,,,,,,,,
2,Vinkivtsi,,Vinkivtsi,,,653,31043,,48,,,,,,,,,,,,,,,,
3,Volochysk,,Volochysk,,,1104,60788,,55,,,,,,,,,,,,,,,,
4,Horodok,,Horodok,,,1111,58655,,53,,,,,,,,,,,,,,,,
5,Derazhnia,,Derazhnia,,,916,38149,,42,,,,,,,,,,,,,,,,
6,Dunaivti,,Dunaivtsi,,,1182,73066,,62,,,,,,,,,,,,,,,,
7,Iziaslav,,Iziaslav,,,1253,54199,,43,,,,,,,,,,,,,,,,
8,Kamianets-Podilskyi,,Kamianets-Podilskyi,,,1538,75673,,49,,,,,,,,,,,,,,,,
9,Krasyliv,,Krasyliv,,,1181,61319,,52,,,,,,,,,,,,,,,,
10,Letychiv,,Letychiv,,,951,34440,,36,,,,,,,,,,,,,,,,
11,Nova Ushytsia,,Nova Ushytsia,,,853,36478,,43,,,,,,,,,,,,,,,,
12,Polonne,,Polonne,,,866,51234,,59,,,,,,,,,,,,,,,,
13,Slavuta,,Slavuta,,,1163,37424,,32,,,,,,,,,,,,,,,,
14,Starokostiantyniv,,Starokostiantyniv,,,1250,37199,,30,,,,,,,,,,,,,,,,
15,Stara Syniava,,Stara Syniava,,,662,24950,,38,,,,,,,,,,,,,,,,
16,Teofipol,,Teofipol,,,716,32263,,45,,,,,,,,,,,,,,,,
17,Khmelnytskyi,,Khmelnytskyi,,,1227,54931,,45,,,,,,,,,,,,,,,,
18,Chemerivtsi,,Chemerivtsi,,,928,50949,,55,,,,,,,,,,,,,,,,
19,Shepetika,,Shepetivka,,,1162,40616,,35,,,,,,,,,,,,,,,,
20,Yarmolyntsi,,Yarmolyntsi,,,898,40024,,45,,,,,,,,,,,,,,,,
XXIII. Cherkasy Oblast,,,,,,,,,,,,,,,,,,,,,,,,,
#,Name,,Center,Year,,"Area
(km²)",Population,,Density,Councils (municipalities) ,,,,,,,,,,,,,,,
,,,,,,,,,,City,,Town,Village ,,,,,,,,,,,,
1,Horodysche,,Horodyshche,,,866,49307,,57,,,,,,,,,,,,,,,,
2,Drabiv,,Drabiv,,,1161,42635,,37,,,,,,,,,,,,,,,,
3,Zhashkiv,,Zhashkiv,,,964,45626,,47,,,,,,,,,,,,,,,,
4,Zvenyhorodka,,Zvenyhorodka,,,1010,53685,,53,,,,,,,,,,,,,,,,
5,Zolotonosha,,Zolotonosha,,,1493,48561,,33,,,,,,,,,,,,,,,,
6,Kamianka,,Kamianka,,,725,35447,,49,,,,,,,,,,,,,,,,
7,Kaniv,,Kaniv,,,1283,24703,,19,,,,,,,,,,,,,,,,
8,Katerynopil,,Katerynopil,,,672,28905,,43,,,,,,,,,,,,,,,,
9,Korsun-Shevchenkivskyi,,Korsun-Shevchenkivskyi,,,896,49990,,56,,,,,,,,,,,,,,,,
10,Lysianka,,Lysianka,,,746,28721,,39,,,,,,,,,,,,,,,,
11,Mankivka,,Mankivka,,,765,33112,,43,,,,,,,,,,,,,,,,
12,Monastyrysche,,Monastyryshche,,,719,40587,,56,,,,,,,,,,,,,,,,
13,Smila,,Smila,,,934,38215,,41,,,,,,,,,,,,,,,,
14,Talne,,Talne,,,917,43581,,48,,,,,,,,,,,,,,,,
15,Uman,,Uman,,,1400,51505,,37,,,,,,,,,,,,,,,,
16,Khrystynivka,,Khrystynivka,,,632,39222,,62,,,,,,,,,,,,,,,,
17,Cherkasy,,Cherkasy,,,1609,79061,,49,,,,,,,,,,,,,,,,
18,Chyhyryn,,Chyhyryn,,,1217,36120,,30,,,,,,,,,,,,,,,,
19,Chornobai,,Chornobai,,,1554,49710,,32,,,,,,,,,,,,,,,,
20,Shpola,,Shpola,,,1105,52077,,47,,,,,,,,,,,,,,,,
XXIV. Chernivtsi Oblast,,,,,,,,,,,,,,,,,,,,,,,,,
#,Name,,Center,Year,,"Area
(km²)",Population,,Density,Councils (municipalities) ,,,,,,,,,,,,,,,
,,,,,,,,,,City,,Town,Village ,,,,,,,,,,,,
1,Vyzhnytsia,,Vyzhnytsia,,,904,60005,,66,,,,,,,,,,,,,,,,
2,Hertsa,,Hertsa,,,309,32247,,104,,,,,,,,,,,,,,,,
3,Hlyboka,,Hlyboka,,,674,72682,,108,,,,,,,,,,,,,,,,
4,Zastavna,,Zastavna,,,619,56306,,91,,,,,,,,,,,,,,,,
5,Kelmentsi,,Kelmentsi,,,670,48397,,72,,,,,,,,,,,,,,,,
6,Kitsman,,Kitsman,,,608,72898,,120,,,,,,,,,,,,,,,,
7,Novoselytsia,,Novoselytsia,,,738,87454,,119,,,,,,,,,,,,,,,,
8,Putyla,,Putyla,,,878,25363,,29,,,,,,,,,,,,,,,,
9,Sokyriany,,Sokyriany,,,665,48909,,74,,,,,,,,,,,,,,,,
10,Storozhynets,,Storozhynets,,,1160,95302,,82,,,,,,,,,,,,,,,,
11,Khotyn,,Khotyn,,,716,72291,,101,,,,,,,,,,,,,,,,
XXV. Chernihiv Oblast,,,,,,,,,,,,,,,,,,,,,,,,,
#,Name,,Center,Year,,"Area
(km²)",Population,,Density,Councils (municipalities) ,,,,,,,,,,,,,,,
,,,,,,,,,,City,,Town,Village ,,,,,,,,,,,,
1,Bakhmach,,Bakhmach,,,1488,56507,,38,,,,,,,,,,,,,,,,
2,Bobrovytsia,,Bobrovytsia,,,1418,41184,,29,,,,,,,,,,,,,,,,
3,Borzna,,Borzna,,,1608,43698,,27,,,,,,,,,,,,,,,,
4,Varva,,Varva,,,590,20005,,34,,,,,,,,,,,,,,,,
5,Horodnia,,Horodnia,,,1566,36306,,23,,,,,,,,,,,,,,,,
6,Ichnia,,Ichnia,,,1576,41134,,26,,,,,,,,,,,,,,,,
7,Kozelets,,Kozelets,,,2600,61652,,24,,,,,,,,,,,,,,,,
8,Korop,,Korop,,,1312,32122,,24,,,,,,,,,,,,,,,,
9,Koriukivka,,Koriukivka,,,1424,33676,,24,,,,,,,,,,,,,,,,
10,Kulykivka,,Kulykivka,,,944,22544,,24,,,,,,,,,,,,,,,,
11,Mena,,Mena,,,1377,45592,,33,,,,,,,,,,,,,,,,
12,Nizhyn,,Nizhyn,,,1514,36506,,24,,,,,,,,,,,,,,,,
13,Novhorod-Siverskyi,,Novhorod-Siverskyi,,,1804,36091,,20,,,,,,,,,,,,,,,,
14,Nosivka,,Nosivka,,,1152,37553,,33,,,,,,,,,,,,,,,,
15,Pryluky,,Pryluky,,,1796,45042,,25,,,,,,,,,,,,,,,,
16,Ripky,,Ripky,,,2106,37614,,18,,,,,,,,,,,,,,,,
17,Semenivka,,Semenivka,,,1470,23505,,16,,,,,,,,,,,,,,,,
18,Sosnytsia,,Sosnytsia,,,916,24878,,27,,,,,,,,,,,,,,,,
19,Sribne,,Sribne,,,579,14577,,25,,,,,,,,,,,,,,,,
20,Talalaivka,,Talalaivka,,,633,16726,,26,,,,,,,,,,,,,,,,
21,Chernihiv,,Chernihiv,,,2555,61296,,24,,,,,,,,,,,,,,,,
22,Snovsk,,Snovsk,,,1283,30572,,24,,,,,,,,,,,,,,,,
XXVI. Kyiv,,,,,,,,,,,,,,,,,,,,,,,,,
#,,,,,,,,,,,,,,,,,,Name,,,,Year,"Area
(km²)",Population,Density 
1,,,,,,,,,,,,,,,,,,Holosiiv,,,,,156,202993,1301
2,,,,,,,,,,,,,,,,,,Darnytsia,,,,,134,282359,2107
3,,,,,,,,,,,,,,,,,,Desna,,,,,148,336209,2272
4,,,,,,,,,,,,,,,,,,Dnipro,,,,,67,331618,4950
5,,,,,,,,,,,,,,,,,,Obolon,,,,,110,306173,2783
6,,,,,,,,,,,,,,,,,,Pechersk,,,,,20,131127,6556
7,,,,,,,,,,,,,,,,,,Podil,,,,,34,180424,5307
8,,,,,,,,,,,,,,,,,,Sviatoshyn,,,,,103,315410,3062
9,,,,,,,,,,,,,,,,,,Solomyanka,,,,,40,287801,7195
10,,,,,,,,,,,,,,,,,,Shevchenko,,,,,27,237213,8786
XXVII. Sevastopol,,,,,,,,,,,,,,,,,,,,,,,,,
#,,,,,,,,,,,,,,,,,,Name,,,,Year,"Area
(km²)",Population,Density 
1,,,,,,,,,,,,,,,,,,Balaklava,,,,,469,25719,55
2,,,,,,,,,,,,,,,,,,Gagarin,,,,,65,120842,1859
3,,,,,,,,,,,,,,,,,,Lenin,,,,,19,110949,5839
4,,,,,,,,,,,,,,,,,,Nakhimov,,,,,311,121982,392
